timestamp,user,action
2026-05-16 11:45:20,admin@findiag.com,Login — Role: Admin
2026-05-16 11:45:22,admin@findiag.com,Dashboard viewed — Admin
2026-05-16 11:46:09,admin@findiag.com,Logout
2026-05-16 11:47:42,analyst@findiag.com,Login — Role: Analyst
2026-05-16 11:47:42,analyst@findiag.com,Dashboard viewed — Analyst
2026-05-16 11:48:34,analyst@findiag.com,Logout
2026-05-16 11:50:06,viewer@findiag.com,Login — Role: Viewer
2026-05-16 11:50:06,viewer@findiag.com,Dashboard viewed — Viewer
2026-05-16 16:18:50,admin@findiag.com,Login — Role: Admin
2026-05-16 16:18:54,admin@findiag.com,Dashboard viewed — Admin
2026-05-16 16:19:32,admin@findiag.com,Removed user: analyst@findiag.com
2026-05-16 16:22:49,admin@findiag.com,Logout
2026-05-16 16:25:46,viewer@findiag.com,Login — Role: Viewer
2026-05-16 16:25:47,viewer@findiag.com,Dashboard viewed — Viewer
2026-05-16 16:27:36,viewer@findiag.com,Logout
2026-05-16 16:31:07,analyst@findiag.com,Login — Role: Analyst
2026-05-16 16:31:08,analyst@findiag.com,Dashboard viewed — Analyst
2026-05-16 16:32:05,analyst@findiag.com,Logout
2026-05-16 16:32:38,admin@findiag.com,Login — Role: Admin
2026-05-16 16:32:39,admin@findiag.com,Dashboard viewed — Admin
2026-05-16 16:40:22,admin@findiag.com,Logout
2026-05-16 17:20:28,admin@findiag.com,Login — Role: Admin
2026-05-16 17:20:29,admin@findiag.com,Dashboard viewed — Admin
2026-05-16 17:24:53,admin@findiag.com,Login — Role: Admin
2026-05-16 17:24:54,admin@findiag.com,Dashboard viewed — Admin
2026-05-16 17:39:21,admin@findiag.com,Login — Role: Admin
2026-05-16 17:39:21,admin@findiag.com,Dashboard viewed — Admin
2026-05-17 01:18:23,viewer@findiag.com,Login — Role: Viewer
2026-05-17 01:18:24,viewer@findiag.com,Dashboard viewed — Viewer
2026-05-17 01:19:23,admin@findiag.com,Login — Role: Admin
2026-05-17 01:19:24,admin@findiag.com,Dashboard viewed — Admin
2026-05-17 01:27:25,admin@findiag.com,Login — Role: Admin
2026-05-17 01:27:25,admin@findiag.com,Dashboard viewed — Admin
2026-05-17 01:28:26,admin@findiag.com,Changed role of analyst@findiag.com to Viewer
2026-05-17 01:28:35,admin@findiag.com,Changed role of analyst@findiag.com to Analyst
2026-05-17 01:33:20,admin@findiag.com,Login — Role: Admin
2026-05-17 01:33:20,admin@findiag.com,Dashboard viewed — Admin
2026-05-17 01:37:09,admin@findiag.com,Login — Role: Admin
2026-05-17 01:37:10,admin@findiag.com,Dashboard viewed — Admin
2026-05-17 01:38:04,admin@findiag.com,Logout
2026-05-17 01:39:20,viewer@findiag.com,Login — Role: Viewer
2026-05-17 01:39:20,viewer@findiag.com,Dashboard viewed — Viewer
2026-05-17 01:39:34,viewer@findiag.com,Logout
2026-05-17 01:45:29,admin@findiag.com,Login — Role: Admin
2026-05-17 01:45:30,admin@findiag.com,Dashboard viewed — Admin
2026-05-17 01:47:53,admin@findiag.com,Logout
2026-05-17 01:48:02,analyst@findiag.com,Login — Role: Analyst
2026-05-17 01:48:02,analyst@findiag.com,Dashboard viewed — Analyst
2026-05-17 01:58:23,admin@findiag.com,Login — Role: Admin
2026-05-17 01:58:23,admin@findiag.com,Dashboard viewed — Admin
2026-05-17 02:05:20,admin@findiag.com,Logout
2026-05-17 02:19:02,admin@findiag.com,Login — Role: Admin
2026-05-17 02:19:03,admin@findiag.com,Dashboard viewed — Admin
2026-05-17 02:20:34,admin@findiag.com,Logout
2026-05-17 02:25:49,analyst@findiag.com,Login — Role: Analyst
2026-05-17 02:25:49,analyst@findiag.com,Dashboard viewed — Analyst
2026-05-17 02:26:11,analyst@findiag.com,Logout
2026-05-21 22:02:31,analyst@findiag.com,Login — Role: Analyst
2026-05-21 22:02:33,analyst@findiag.com,Dashboard viewed — Analyst
2026-05-21 22:07:48,admin@findiag.com,Login — Role: Admin
2026-05-21 22:07:49,admin@findiag.com,Dashboard viewed — Admin
2026-05-21 22:09:57,admin@findiag.com,Uploaded: variance 1.xlsx
2026-05-22 00:23:36,admin@findiag.com,Login — Role: Admin
2026-05-22 00:23:37,admin@findiag.com,Dashboard viewed — Admin
2026-05-22 00:37:48,analyst@findiag.com,Login — Role: Analyst
2026-05-22 00:37:49,analyst@findiag.com,Dashboard viewed — Analyst
2026-05-22 12:02:59,analyst@findiag.com,Login — Role: Analyst
2026-05-22 12:03:00,analyst@findiag.com,Dashboard viewed — Analyst
2026-05-22 12:12:53,admin@findiag.com,Login — Role: Admin
2026-05-22 12:12:54,admin@findiag.com,Dashboard viewed — Admin
2026-05-22 12:20:46,admin@findiag.com,Login — Role: Admin
2026-05-22 12:20:46,admin@findiag.com,Dashboard viewed — Admin
2026-05-22 12:21:45,admin@findiag.com,Uploaded: quarterly_financials.xlsx
2026-05-22 12:21:59,admin@findiag.com,Uploaded: quarterly_financials.xlsx
2026-05-22 12:22:00,admin@findiag.com,Uploaded: quarterly_financials.xlsx
2026-05-22 12:22:04,admin@findiag.com,Uploaded: quarterly_financials.xlsx
2026-05-22 12:22:04,admin@findiag.com,Uploaded: quarterly_financials.xlsx
2026-05-22 12:26:57,admin@findiag.com,Uploaded: quarterly_financials (1).xlsx
2026-05-22 12:27:20,admin@findiag.com,Uploaded: quarterly_financials.csv
2026-05-22 12:27:29,admin@findiag.com,Uploaded: quarterly_financials.csv
2026-05-22 12:27:29,admin@findiag.com,Uploaded: quarterly_financials.csv
2026-05-22 12:27:49,admin@findiag.com,Uploaded: quarterly_financials (1).xlsx
2026-05-22 12:27:57,admin@findiag.com,Uploaded: quarterly_financials (1).xlsx
2026-05-22 12:27:58,admin@findiag.com,Uploaded: quarterly_financials (1).xlsx
2026-05-22 12:28:07,admin@findiag.com,Uploaded: quarterly_financials (1).xlsx
2026-05-22 12:28:07,admin@findiag.com,Uploaded: quarterly_financials (1).xlsx
